uid,time,name,sex
3546661318035655,2024-04-10 15:19:31,仲军2233,男
701207453,2024-04-10 15:18:15,bili_76569850512,男
414457496,2024-04-10 15:17:59,bagaotoko,男
34767514,2024-04-10 15:15:16,呜之者,男
13234403,2024-04-10 15:15:05,emorty,男
8266914,2024-04-10 15:13:41,東口,男
97243921,2024-04-10 15:12:38,MDzzmmPP,男
356842542,2024-04-10 15:10:35,北宇治银河战舰主力,男
115406126,2024-04-10 15:06:56,梦违逆施的弗拉基米尔,男
3546661313841588,2024-04-10 15:01:55,bili_72849886652,男
4925523,2024-04-10 15:00:50,浅色喵喵咪,男
279274272,2024-04-10 14:59:41,辽北靓仔_,男
652027878,2024-04-10 14:55:39,OhmNanon热恋中,男
505416451,2024-04-10 14:52:59,柯拉松wr,男
37518447,2024-04-10 14:51:37,绝望の污菌,男
98978600,2024-04-10 14:51:20,calor33,男
3493290525592067,2024-04-10 14:50:41,白色大太阳,男
3488538,2024-04-10 14:48:29,etGuu,男
396346248,2024-04-10 14:45:40,安安子114514,男
694697929,2024-04-10 14:42:26,汝之泯大,男
345061737,2024-04-10 14:39:17,在那凤凰花开的路口,男
15221704,2024-04-10 14:39:10,哦再说吧,男
134790378,2024-04-10 14:36:40,昊昊不要,男
73690514,2024-04-10 14:33:47,Jevousprie,男
6271340,2024-04-10 14:32:14,-以瑟-,男
281030336,2024-04-10 14:31:23,uiaiao,男
3546380387748127,2024-04-10 14:29:10,马-拉-卡,男
438547900,2024-04-10 14:25:23,睡不够的everyday,男
40899799,2024-04-10 14:17:00,福禄达摩,男
490323131,2024-04-10 14:17:00,天如昼,男
360184591,2024-04-10 14:16:01,群落,男
1254461287,2024-04-10 14:13:34,空界之雨,男
20172185,2024-04-10 14:11:53,夏轩晨,男
14479857,2024-04-10 14:11:23,不是欢欢是帆帆,男
403155255,2024-04-10 14:08:39,路过的风铃,男
456568752,2024-04-10 14:08:30,被迫女装の碇真嗣,男
3546603205954494,2024-04-10 14:06:36,我爱C罗梅西滚犊子,男
276286119,2024-04-10 14:00:33,気だるい,男
1302567,2024-04-10 13:57:14,YY小屁孩,男
1704591075,2024-04-10 13:55:26,超级澀浪,男
94873965,2024-04-10 13:55:00,遥月墨,男
1288814,2024-04-10 13:54:57,丶一瞬之光,男
677974779,2024-04-10 13:49:34,Zym1777,男
444477685,2024-04-10 13:48:42,虚度你的未来,男
67680296,2024-04-10 13:48:33,MImmi弥,男
9531102,2024-04-10 13:46:23,郜233,男
49787057,2024-04-10 13:42:28,泥泞中的士兵,男
26812672,2024-04-10 13:40:36,乌本苷,男
23212990,2024-04-10 13:38:14,仓喵墨,男
2061734887,2024-04-10 13:35:21,何不飛,男
